{"tissue_hires_scalef": 0.08765779, "tissue_lowres_scalef": 0.026297335, "fiducial_diameter_fullres": 238.31847087027086, "spot_diameter_fullres": 147.53048196731052}